nivel,regiao,uf,uf_nome,co_ibge6,municipio,populacao_2025,registros,estabelecimentos_cnes,municipios_com_registro,leitos_existentes,leitos_sus,uti_total_exist,uti_total_sus,pct_leitos_sus,pct_uti_sus,leitos_existentes_por_10k_hab,leitos_sus_por_10k_hab,uti_existente_por_100k_hab,uti_sus_por_100k_hab,gap_estimado_leitos_sus_para_media_nacional,gap_estimado_uti_sus_para_media_nacional
uf,NORTE,AC,Acre,,,884372,34,34,18,1826,1621,103,81,88.77327491785323,78.64077669902912,20.647419864039115,18.329390799346882,11.646682617721954,9.159041670247362,0.0,51.692449545168316
uf,NORDESTE,AL,Alagoas,,,3220848,98,98,50,7583,6103,690,492,80.48265857839905,71.30434782608695,23.543489168070025,18.94842600458016,21.422929613567607,15.275480246196034,0.0,0.0
uf,NORTE,AM,Amazonas,,,4321616,112,112,62,7482,6174,795,441,82.51804330392943,55.471698113207545,17.3129681119285,14.286322523796654,18.395896349883934,10.20451608842618,984.5149701994937,207.42149348191958
uf,NORTE,AP,Amapá,,,806517,23,23,13,1911,1565,220,79,81.89429618001046,35.90909090909091,23.694478851654708,19.404426689084048,27.277788316923267,9.795205804713353,0.0,42.01097313101334
uf,NORDESTE,BA,Bahia,,,14870907,622,622,346,33979,27020,3346,1694,79.51970334618441,50.627615062761514,22.84931241920886,18.169705452397757,22.500308824471833,11.391369739586159,0.0,537.25232005128
uf,NORDESTE,CE,Ceará,,,9268836,312,312,175,22196,17499,1869,1215,78.83852946476843,65.00802568218299,23.946911996285184,18.879393270093463,20.164344260703285,13.10844209564178,0.0,175.70951282089428
uf,CENTRO-OESTE,DF,Distrito Federal,,,2996899,66,66,1,10314,5637,2089,613,54.653868528214076,29.344183820009572,34.41557423189771,18.809442693931295,69.70538546677749,20.454476443817427,0.0,0.0
uf,SUDESTE,ES,Espírito Santo,,,4126854,113,113,51,10096,6701,1710,933,66.37282091917591,54.56140350877193,24.464155989041533,16.237550443994387,41.435921891106396,22.60802054058612,134.90262041506165,0.0
uf,CENTRO-OESTE,GO,Goiás,,,7423629,444,444,193,19934,13049,2174,1068,65.46102137052272,49.12603495860166,26.852096191768204,17.577656426526705,29.28486862692088,14.386494799241719,0.0,45.851995002723214
uf,NORDESTE,MA,Maranhão,,,7018211,322,322,205,16774,14404,1098,808,85.87099081912484,73.58834244080145,23.900677822311128,20.523748858505392,15.645012667758209,11.512905496856678,0.0,245.0224939446808
uf,SUDESTE,MG,Minas Gerais,,,21393441,665,665,406,50254,33808,6219,3669,67.2742468261233,58.99662325132658,23.49037726095582,15.80297437892296,29.069657377698146,17.150116243572036,1629.037363472284,0.0
uf,CENTRO-OESTE,MS,Mato Grosso do Sul,,,2924631,122,122,70,6686,4543,800,461,67.94795094226743,57.62500000000001,22.86100366165851,15.533583552933687,27.353878147362863,15.762672282417851,301.4875240672738,0.0
uf,CENTRO-OESTE,MT,Mato Grosso,,,3893659,181,181,93,9308,6807,1304,484,73.13064030941125,37.11656441717792,23.90553461409949,17.4822705326789,33.490349308966195,12.430467074800335,0.0,100.21020837791174
uf,NORTE,PA,Pará,,,8711196,282,282,130,17417,12857,1688,1005,73.81868289602113,59.53791469194313,19.993810264399976,14.75916739790954,19.377362189990905,11.536877370225627,1572.608501621142,302.0404034818743
uf,NORDESTE,PB,Paraíba,,,4164468,193,193,101,10898,8189,1087,624,75.14222793173059,57.405703771849126,26.169008862596616,19.66397628700713,26.101773383779154,14.98390670789162,0.0,0.8427810609879449
uf,NORDESTE,PE,Pernambuco,,,9562007,392,392,182,25344,17461,2898,1400,68.89599116161617,48.309178743961354,26.504895886397073,18.26081072728769,30.307444870098927,14.641277715023634,0.0,34.69731221482179
uf,NORDESTE,PI,Piauí,,,3384547,194,194,122,7968,6571,501,334,82.46736947791165,66.66666666666666,23.542293843164238,19.4147104472179,14.802571806507638,9.868381204338425,0.0,173.822310103385
uf,SUL,PR,Paraná,,,11890517,446,446,237,30764,21670,3709,2311,70.43947471070082,62.307899703424106,25.872718570605468,18.224607054512433,31.19292458015072,19.435656161965035,0.0,0.0
uf,SUDESTE,RJ,Rio de Janeiro,,,17223547,493,493,86,43874,24166,8023,2402,55.08045767424898,29.93892558893182,25.473266337067503,14.030791683037181,46.58157811512344,13.946024010036957,4363.841392533391,182.24581656399698
uf,NORDESTE,RN,Rio Grande do Norte,,,3455236,194,194,135,8283,6728,876,467,81.22660871664856,53.31050228310502,23.97231332389452,19.471897143928807,25.35282684019268,13.515719331472583,0.0,51.4285895490237
uf,NORTE,RO,Rondônia,,,1751950,112,112,51,5815,4606,662,300,79.20894239036973,45.31722054380665,33.191586517880076,26.29070464339736,37.786466508747395,17.12377636348069,0.0,0.0
uf,NORTE,RR,Roraima,,,738772,20,20,12,1680,1483,104,90,88.27380952380952,86.53846153846155,22.74043954020997,20.073852284602015,14.077414953463316,12.182378325112484,0.0,20.846415688627737
uf,SUL,RS,Rio Grande do Sul,,,11233263,331,331,236,33917,23207,3081,1900,68.42291476250848,61.668289516390786,30.19336411868929,20.65917979486459,27.427471430162367,16.914052488577894,0.0,0.0
uf,SUL,SC,Santa Catarina,,,8187029,246,246,156,18320,13324,1916,1334,72.7292576419214,69.6242171189979,22.37685978637672,16.274524006205425,23.402873008022812,16.29406711518916,237.35521017077724,0.0
uf,NORDESTE,SE,Sergipe,,,2299425,56,56,23,4351,3189,562,290,73.2934957481039,51.60142348754449,18.92212183480653,13.868684562444958,24.44089283190363,12.611848614327496,619.8687855077758,55.009041212746055
uf,SUDESTE,SP,São Paulo,,,46081801,1028,1028,352,109848,61991,15526,7325,56.43343529240404,47.17892567306453,23.837609992717084,13.452382210495635,33.69225955383124,15.895646092478025,14340.92359345532,0.0
uf,NORTE,TO,Tocantins,,,1586859,82,82,48,4194,3147,533,202,75.03576537911302,37.89868667917448,26.429569356823762,19.83162965329623,33.58836544393673,12.729549380253696,0.0,36.094611535413
